﻿zh-s,en
Đang kiểm tra cập nhật, vui lòng chờ...,Đang kiểm tra cập nhật, vui lòng chờ...
Đang kiểm tra tệp tin, vui lòng chờ...,Đang kiểm tra tệp tin, vui lòng chờ...
Đang tải dữ liệu...,Đang tải dữ liệu...
Lỗi kết nối mạng, vui lòng kiểm tra lại!,Lỗi kết nối mạng, vui lòng kiểm tra lại!
Đã có phiên bản mới, cập nhật ngay?,Đã có phiên bản mới, cập nhật ngay?
Việt hóa by Shiuliuliu (,Việt hóa by Shiuliuliu (
), nhấn Xác nhận để tiếp tục!,), nhấn Xác nhận để tiếp tục!
Xác nhận,Xác nhận
Thử lại,Thử lại
Đang kiểm tra tài khoản, vui lòng chờ...,Đang kiểm tra tài khoản, vui lòng chờ...
Kiểm tra tài khoản thất bại, đang thử lại...,Kiểm tra tài khoản thất bại, đang thử lại...
Đang vào game, vui lòng chờ...,Đang vào game, vui lòng chờ...
Chơi ngay,Chơi ngay
Đăng nhập,Đăng nhập
Dung lượng:,Dung lượng:
Đang kiểm tra tài khoản Game Center...,Đang kiểm tra tài khoản Game Center...
